Rk,Player,M,M W-L,M W%,SPW,SPW-InP,Aces,Ace%,DFs,DF%,DF/2s,1stIn,1st%,2nd%,2%-InP,Hld%,Pts/SG,PtsL/SG,RPW,RPW-InP,vAce%,vDF%,v1st%,v2nd%,Brk%,Pts/RG,PtsW/RG,MdOppRk,MnOppRk,BPConv%,BPConv,BPChnc,BP/G,BP/S,BP/M,Bks/S,Bks/M,BPSvd%,BPSaved,BPvs,BPvs/G,BPvs/S,BPvs/M,Bkn/S,Bkn/M,DR,Points,TPW%,TBs,TB W-L,TB W%,TB/S,Sets,Set W-L,S W%,Gms,Game W-L,G W%,Time/Mt,Min/Set,Sec/Pt
1.0,Carlos Alcaraz [ESP],80.0,71-9,88.8%,67.9%,67.9%,463.0,7.4%,219.0,3.5%,9.8%,64.3%,74.0%,56.8%,63.0%,87.6%,6.1,2.0,42.1%,41.9%,5.0%,4.0%,35.1%,53.9%,31.9%,6.6,2.8,27.0,55.3,44.3%,322.0,727.0,0.72,3.4,9.1,1.48,4.0,66.5%,250.0,376.0,0.37,1.7,4.7,0.58,1.6,1.31,12930.0,54.5%,26.0,16-10,61.5%,12.0%,217.0,170-47,78.3%,2029.0,1215-814,59.9%,1:48,39.9,40.1
2.0,Jannik Sinner [ITA],64.0,58-6,90.6%,71.7%,70.5%,405.0,8.9%,91.0,2.0%,5.3%,62.0%,79.4%,59.1%,62.3%,92.0%,5.9,1.7,42.7%,43.8%,7.7%,4.0%,33.6%,57.8%,32.6%,6.7,2.8,23.0,40.2,44.6%,247.0,554.0,0.73,3.3,8.7,1.47,3.9,72.3%,162.0,224.0,0.29,1.3,3.5,0.37,1.0,1.51,9598.0,56.4%,19.0,16-3,84.2%,11.3%,168.0,144-24,85.7%,1531.0,958-573,62.6%,1:45,40.0,42.0
3.0,Alexander Zverev [GER],82.0,57-25,69.5%,68.1%,66.6%,577.0,9.8%,152.0,2.6%,9.2%,72.1%,73.8%,53.5%,59.0%,86.5%,6.1,1.9,37.5%,38.0%,6.5%,3.3%,30.0%,50.7%,22.1%,6.5,2.5,35.0,42.5,39.8%,215.0,540.0,0.55,2.6,6.6,1.05,2.6,62.6%,218.0,348.0,0.36,1.7,4.2,0.63,1.6,1.18,12270.0,52.2%,46.0,29-17,63.0%,22.4%,205.0,137-68,66.8%,1940.0,1051-889,54.2%,1:49,43.6,43.7
4.0,Novak Djokovic [SRB],50.0,39-11,78.0%,69.7%,68.2%,413.0,10.3%,102.0,2.5%,7.6%,66.6%,76.7%,55.7%,60.3%,88.7%,6.0,1.8,39.4%,40.8%,8.0%,3.1%,31.7%,52.7%,26.2%,6.5,2.6,48.0,66.5,42.2%,170.0,403.0,0.62,2.9,8.1,1.23,3.4,63.8%,134.0,210.0,0.31,1.5,4.2,0.55,1.5,1.3,8245.0,54.2%,24.0,11-13,45.8%,17.4%,138.0,99-39,71.7%,1319.0,764-555,57.9%,1:52,40.5,40.7
5.0,Felix Auger Aliassime [CAN],74.0,50-24,67.6%,68.4%,66.7%,783.0,13.4%,234.0,4.0%,12.1%,67.0%,76.5%,52.1%,59.3%,85.8%,6.1,1.9,36.5%,36.7%,6.6%,3.5%,29.2%,48.7%,18.6%,6.6,2.4,54.0,72.1,33.1%,178.0,538.0,0.56,2.8,7.3,0.93,2.4,67.2%,277.0,412.0,0.43,2.1,5.6,0.7,1.8,1.16,12225.0,51.8%,46.0,32-14,69.6%,24.0%,192.0,118-74,61.5%,1911.0,997-914,52.2%,2:04,47.9,45.2
6.0,Taylor Fritz [USA],76.0,53-23,69.7%,70.4%,67.3%,871.0,14.6%,146.0,2.4%,6.8%,64.0%,79.4%,54.5%,58.4%,89.7%,6.1,1.8,35.3%,36.4%,9.4%,3.7%,26.0%,51.5%,18.0%,6.4,2.3,39.0,54.4,38.5%,175.0,455.0,0.47,2.3,6.0,0.89,2.3,67.5%,212.0,314.0,0.32,1.6,4.1,0.52,1.3,1.19,12219.0,52.5%,49.0,26-23,53.1%,24.9%,197.0,126-71,64.0%,1959.0,1061-898,54.2%,1:51,42.9,41.5
7.0,Alex De Minaur [AUS],80.0,56-24,70.0%,66.2%,66.5%,309.0,5.6%,185.0,3.3%,7.5%,55.5%,73.4%,57.2%,61.8%,84.4%,6.2,2.1,41.1%,41.7%,6.7%,3.6%,32.2%,54.4%,28.8%,6.6,2.7,45.5,55.7,42.9%,256.0,597.0,0.67,3.0,7.5,1.3,3.2,63.1%,239.0,379.0,0.42,1.9,4.7,0.71,1.8,1.21,11434.0,53.3%,23.0,14-9,60.9%,11.7%,197.0,135-62,68.5%,1786.0,1014-772,56.8%,1:45,42.8,44.2
8.0,Lorenzo Musetti [ITA],67.0,45-22,67.2%,66.0%,65.7%,310.0,5.9%,134.0,2.5%,7.4%,65.6%,71.6%,55.4%,59.8%,83.2%,6.2,2.1,38.7%,38.7%,6.0%,3.7%,30.4%,52.5%,24.9%,6.4,2.5,40.0,49.0,39.3%,212.0,540.0,0.63,3.0,8.1,1.18,3.2,60.8%,222.0,365.0,0.43,2.0,5.4,0.8,2.1,1.14,10767.0,52.1%,25.0,13-12,52.0%,14.0%,179.0,114-65,63.7%,1704.0,922-782,54.1%,1:49,40.8,40.7
9.0,Ben Shelton [USA],64.0,40-24,62.5%,67.9%,66.5%,607.0,11.6%,198.0,3.8%,10.6%,64.2%,75.3%,54.6%,61.1%,87.3%,6.3,2.0,33.3%,33.5%,6.3%,2.9%,26.1%,46.3%,16.6%,6.2,2.1,42.0,58.6,41.4%,137.0,331.0,0.4,2.0,5.2,0.83,2.1,67.5%,220.0,326.0,0.39,2.0,5.1,0.64,1.7,1.04,10330.0,50.8%,48.0,27-21,56.3%,29.1%,165.0,100-65,60.6%,1659.0,864-795,52.1%,1:48,42.1,40.3
10.0,Jack Draper [GBR],39.0,30-9,76.9%,67.9%,66.5%,325.0,10.6%,99.0,3.2%,8.8%,63.2%,75.6%,54.7%,60.0%,86.1%,6.0,1.9,39.2%,40.3%,7.2%,3.1%,31.2%,52.4%,25.6%,6.6,2.6,42.0,69.3,39.2%,132.0,337.0,0.65,3.1,8.6,1.22,3.4,64.5%,129.0,200.0,0.39,1.9,5.1,0.66,1.8,1.22,6487.0,52.8%,12.0,8-4,66.7%,11.1%,108.0,73-35,67.6%,1026.0,571-455,55.7%,1:46,38.1,38.1
11.0,Alexander Bublik [KAZ],59.0,37-22,62.7%,67.0%,66.3%,674.0,14.8%,299.0,6.6%,17.2%,61.8%,78.7%,47.9%,57.9%,86.2%,6.3,2.1,34.2%,35.0%,8.8%,3.6%,26.7%,47.6%,18.2%,6.2,2.1,47.0,72.9,38.7%,129.0,333.0,0.47,2.2,5.6,0.87,2.2,70.0%,233.0,333.0,0.46,2.2,5.6,0.67,1.7,1.04,8913.0,50.9%,24.0,13-11,54.2%,16.1%,149.0,90-59,60.4%,1430.0,752-678,52.6%,1:26,34.0,34.1
12.0,Casper Ruud [NOR],55.0,39-16,70.9%,66.4%,65.5%,313.0,8.0%,112.0,2.9%,8.5%,66.1%,73.2%,53.1%,58.0%,84.1%,6.1,2.1,37.5%,38.7%,9.0%,3.8%,29.6%,50.9%,22.4%,6.4,2.4,53.0,72.4,40.1%,138.0,344.0,0.56,2.5,6.3,1.02,2.5,65.6%,193.0,294.0,0.46,2.2,5.3,0.75,1.8,1.12,7886.0,51.9%,15.0,11-4,73.3%,11.1%,135.0,91-44,67.4%,1253.0,673-580,53.7%,1:40,40.9,42.0
13.0,Daniil Medvedev [RUS],64.0,41-23,64.1%,65.6%,65.6%,534.0,11.1%,277.0,5.7%,14.8%,61.3%,75.9%,49.3%,57.9%,82.9%,6.2,2.1,39.9%,40.0%,4.7%,2.9%,32.7%,52.9%,26.0%,6.8,2.7,47.0,65.5,37.1%,205.0,552.0,0.7,3.4,8.6,1.27,3.2,60.1%,202.0,336.0,0.43,2.1,5.3,0.83,2.1,1.16,10175.0,52.1%,30.0,14-16,46.7%,18.5%,162.0,98-64,60.5%,1573.0,855-718,54.4%,1:54,44.9,42.9
14.0,Alejandro Davidovich Fokina [ESP],70.0,44-26,62.9%,63.0%,63.1%,246.0,4.4%,152.0,2.7%,8.1%,66.2%,68.4%,52.4%,57.0%,79.1%,6.6,2.4,39.2%,40.3%,8.4%,3.7%,30.6%,52.9%,26.8%,6.5,2.5,44.0,64.1,43.4%,225.0,519.0,0.62,2.9,7.4,1.28,3.2,65.6%,335.0,511.0,0.61,2.9,7.3,1.0,2.5,1.06,11023.0,51.2%,38.0,20-18,52.6%,21.6%,176.0,105-71,59.7%,1683.0,892-791,53.0%,1:51,44.1,42.2
15.0,Holger Rune [DEN],58.0,36-22,62.1%,65.1%,65.1%,282.0,6.4%,152.0,3.5%,9.2%,62.4%,72.3%,53.0%,58.4%,82.8%,6.3,2.2,37.2%,38.2%,7.7%,3.2%,29.7%,49.9%,22.5%,6.3,2.3,48.0,59.4,42.2%,155.0,367.0,0.53,2.4,6.3,1.02,2.7,63.3%,205.0,324.0,0.47,2.1,5.6,0.78,2.1,1.07,8744.0,51.2%,25.0,13-12,52.0%,16.4%,152.0,93-59,61.2%,1382.0,728-654,52.7%,1:40,38.3,39.9
16.0,Andrey Rublev [RUS],59.0,34-25,57.6%,66.8%,65.7%,480.0,10.2%,175.0,3.7%,9.3%,60.1%,76.8%,51.7%,57.0%,83.7%,6.2,2.1,36.6%,38.2%,10.5%,3.9%,28.6%,49.4%,20.5%,6.5,2.4,57.0,79.6,36.7%,156.0,425.0,0.56,2.8,7.2,1.01,2.6,62.7%,210.0,335.0,0.44,2.2,5.7,0.81,2.1,1.1,9662.0,51.4%,30.0,18-12,60.0%,19.5%,154.0,86-68,55.8%,1526.0,797-729,52.2%,1:48,41.4,39.6
17.0,Jiri Lehecka [CZE],64.0,41-23,64.1%,67.3%,65.6%,486.0,10.7%,139.0,3.1%,8.0%,61.9%,75.9%,53.3%,57.9%,85.1%,6.1,2.0,35.4%,36.4%,8.6%,3.3%,27.7%,48.8%,20.3%,6.3,2.2,40.0,61.8,41.7%,150.0,360.0,0.49,2.2,5.6,0.91,2.3,61.2%,175.0,286.0,0.38,1.7,4.5,0.68,1.7,1.08,9172.0,51.2%,27.0,14-13,51.9%,16.5%,164.0,99-65,60.4%,1485.0,784-701,52.8%,1:36,37.4,40.1
18.0,Karen Khachanov [RUS],56.0,32-24,57.1%,65.9%,64.8%,391.0,8.1%,135.0,2.8%,7.5%,63.0%,73.9%,52.2%,56.5%,82.2%,6.2,2.1,37.5%,38.4%,7.8%,3.4%,28.2%,52.5%,22.7%,6.5,2.4,59.5,79.4,39.6%,178.0,450.0,0.57,2.8,8.0,1.12,3.2,61.7%,226.0,366.0,0.47,2.3,6.5,0.88,2.5,1.1,9958.0,51.3%,29.0,15-14,51.7%,18.2%,159.0,90-69,56.6%,1570.0,823-747,52.4%,1:58,41.6,39.9
19.0,Jakub Mensik [CZE],52.0,32-20,61.5%,66.4%,63.6%,674.0,16.0%,198.0,4.7%,11.6%,59.3%,78.1%,49.4%,55.9%,85.5%,6.4,2.1,35.9%,36.3%,6.9%,3.3%,29.0%,47.8%,19.1%,6.4,2.3,47.5,69.9,38.2%,124.0,325.0,0.5,2.3,6.3,0.89,2.4,66.3%,189.0,285.0,0.43,2.1,5.5,0.69,1.8,1.07,8389.0,51.2%,32.0,19-13,59.4%,23.0%,139.0,84-55,60.4%,1310.0,688-622,52.5%,1:44,39.1,38.8
20.0,Tommy Paul [USA],42.0,29-13,69.0%,64.7%,64.1%,251.0,6.7%,104.0,2.8%,7.0%,60.4%,72.4%,53.0%,56.9%,81.8%,6.3,2.2,39.9%,39.7%,5.3%,3.8%,31.5%,53.7%,27.9%,6.5,2.6,66.0,111.7,44.8%,167.0,373.0,0.62,3.0,8.9,1.34,4.0,63.0%,184.0,292.0,0.49,2.3,7.0,0.86,2.6,1.13,7680.0,52.0%,23.0,11-12,47.8%,18.4%,125.0,78-47,62.4%,1192.0,653-539,54.8%,1:52,37.7,36.9
21.0,Francisco Cerundolo [ARG],63.0,38-25,60.3%,62.0%,62.5%,226.0,4.8%,172.0,3.7%,9.5%,61.4%,68.4%,51.8%,57.3%,76.6%,6.5,2.5,40.6%,40.5%,4.6%,3.3%,33.4%,52.6%,28.7%,6.6,2.7,52.0,57.6,43.1%,205.0,476.0,0.67,3.1,7.6,1.32,3.3,62.6%,280.0,447.0,0.63,2.9,7.1,1.08,2.7,1.07,9386.0,51.2%,26.0,15-11,57.7%,16.8%,155.0,90-65,58.1%,1429.0,753-676,52.7%,1:47,43.6,43.2
22.0,Flavio Cobolli [ITA],61.0,34-27,55.7%,62.0%,62.4%,259.0,5.4%,189.0,4.0%,9.0%,55.9%,68.8%,53.4%,58.6%,77.3%,6.7,2.6,37.6%,38.0%,7.0%,3.6%,30.6%,48.9%,22.9%,6.4,2.4,51.0,75.6,37.8%,165.0,437.0,0.61,2.8,7.2,1.06,2.7,60.4%,246.0,407.0,0.57,2.6,6.7,1.03,2.6,0.99,9405.0,50.0%,33.0,21-12,63.6%,21.2%,156.0,83-73,53.2%,1430.0,714-716,49.9%,1:42,39.8,39.7
23.0,Denis Shapovalov [CAN],48.0,26-22,54.2%,62.7%,64.3%,377.0,10.0%,302.0,8.0%,19.2%,58.5%,72.2%,49.3%,61.0%,78.8%,6.3,2.4,38.2%,37.7%,3.9%,3.3%,31.2%,50.6%,25.8%,6.3,2.4,54.0,90.1,45.6%,152.0,333.0,0.57,2.7,6.9,1.24,3.2,60.2%,192.0,319.0,0.53,2.6,6.6,1.03,2.6,1.03,7524.0,50.6%,27.0,11-16,40.7%,22.0%,123.0,65-58,52.8%,1188.0,624-564,52.5%,1:44,40.6,39.8
24.0,Joao Fonseca [BRA],42.0,26-16,61.9%,65.6%,64.6%,256.0,7.8%,87.0,2.6%,7.9%,66.7%,72.5%,51.8%,56.3%,83.4%,6.4,2.2,36.6%,37.3%,8.6%,3.9%,29.2%,48.2%,20.4%,6.6,2.4,42.0,56.1,35.7%,107.0,300.0,0.57,2.7,7.1,0.96,2.5,61.8%,139.0,225.0,0.43,2.0,5.4,0.77,2.0,1.06,6734.0,50.8%,26.0,13-13,50.0%,23.2%,112.0,64-48,57.1%,1042.0,539-503,51.7%,1:44,39.0,38.9
25.0,Tallon Griekspoor [NED],53.0,30-23,56.6%,66.2%,65.2%,456.0,9.8%,167.0,3.6%,10.4%,65.2%,74.6%,50.7%,56.6%,85.0%,6.5,2.2,32.4%,33.4%,9.8%,3.5%,24.8%,45.5%,14.6%,6.2,2.0,51.5,65.1,33.6%,102.0,304.0,0.43,2.2,5.7,0.73,1.9,69.0%,238.0,345.0,0.48,2.5,6.5,0.77,2.0,0.96,8989.0,49.8%,38.0,23-15,60.5%,27.3%,139.0,73-66,52.5%,1412.0,707-705,50.1%,1:52,42.6,39.5
26.0,Luciano Darderi [ITA],56.0,29-27,51.8%,63.7%,63.3%,327.0,7.9%,164.0,4.0%,10.0%,60.3%,71.5%,52.0%,57.8%,78.9%,6.4,2.3,36.3%,38.1%,9.1%,2.6%,29.1%,48.4%,20.7%,6.4,2.3,66.5,82.9,36.9%,134.0,363.0,0.56,2.6,6.5,0.98,2.4,59.2%,199.0,336.0,0.52,2.5,6.0,1.0,2.4,1.0,8295.0,49.9%,23.0,14-9,60.9%,16.8%,137.0,69-68,50.4%,1297.0,646-651,49.8%,1:44,42.5,42.1
27.0,Cameron Norrie [GBR],60.0,34-26,56.7%,63.9%,63.5%,303.0,5.9%,140.0,2.7%,8.0%,66.1%,70.0%,52.1%,56.6%,80.6%,6.5,2.4,36.1%,38.2%,11.5%,3.6%,26.5%,52.2%,20.0%,6.5,2.3,53.5,80.9,38.0%,158.0,416.0,0.53,2.5,6.9,0.96,2.6,65.5%,293.0,447.0,0.56,2.7,7.5,0.93,2.6,1.0,10273.0,50.1%,41.0,24-17,58.5%,24.8%,165.0,88-77,53.3%,1583.0,797-786,50.3%,1:53,41.2,39.7
28.0,Learner Tien [USA],60.0,36-24,60.0%,62.5%,63.8%,241.0,5.0%,235.0,4.9%,12.7%,61.3%,69.2%,51.9%,59.5%,77.4%,6.5,2.5,37.5%,38.6%,8.7%,3.6%,28.0%,53.7%,24.0%,6.3,2.4,52.0,74.6,41.1%,173.0,421.0,0.58,2.7,7.0,1.11,2.9,62.1%,270.0,435.0,0.6,2.8,7.3,1.06,2.8,1.0,9330.0,50.3%,34.0,21-13,61.8%,21.8%,156.0,88-68,56.4%,1452.0,739-713,50.9%,1:47,41.3,41.4
29.0,Arthur Rinderknech [FRA],56.0,27-29,48.2%,66.0%,64.2%,540.0,12.0%,179.0,4.0%,10.8%,63.1%,75.5%,49.7%,55.7%,84.8%,6.5,2.2,31.8%,32.6%,8.7%,3.1%,25.0%,43.6%,13.3%,6.2,2.0,49.5,78.9,33.5%,94.0,281.0,0.4,1.9,5.0,0.64,1.7,67.4%,219.0,325.0,0.47,2.2,5.8,0.73,1.9,0.93,8921.0,49.1%,36.0,15-21,41.7%,24.7%,146.0,65-81,44.5%,1402.0,684-718,48.8%,1:59,45.5,44.7
30.0,Frances Tiafoe [USA],49.0,26-23,53.1%,64.4%,62.9%,383.0,9.6%,129.0,3.2%,7.4%,56.1%,74.3%,51.7%,55.8%,79.7%,6.4,2.3,36.6%,38.2%,10.6%,3.9%,27.8%,49.6%,21.9%,6.5,2.4,59.0,87.4,38.1%,137.0,360.0,0.58,2.7,7.3,1.05,2.8,61.0%,199.0,326.0,0.52,2.5,6.7,0.97,2.6,1.03,8050.0,50.4%,22.0,15-7,68.2%,16.8%,131.0,73-58,55.7%,1251.0,636-615,50.8%,1:43,38.4,37.5
31.0,Valentin Vacherot [MON],19.0,15-4,78.9%,65.7%,64.9%,93.0,8.6%,37.0,3.4%,9.6%,64.4%,72.9%,52.7%,58.3%,83.0%,6.3,2.2,36.5%,38.4%,9.8%,3.0%,28.6%,51.5%,23.5%,6.3,2.3,30.0,131.3,37.0%,40.0,108.0,0.64,2.3,5.7,0.83,2.1,62.8%,49.0,78.0,0.46,1.6,4.1,0.6,1.5,1.06,2151.0,51.2%,6.0,3-3,50.0%,12.5%,48.0,32-16,66.7%,341.0,182-159,53.4%,1:24,33.4,44.7
32.0,Tomas Machac [CZE],42.0,23-19,54.8%,64.9%,64.8%,267.0,8.4%,137.0,4.3%,11.1%,61.2%,72.6%,53.0%,59.6%,81.4%,6.3,2.2,36.0%,37.3%,10.8%,4.3%,27.1%,49.7%,21.9%,6.2,2.2,67.0,83.8,45.9%,111.0,242.0,0.48,2.2,5.8,1.02,2.6,59.0%,135.0,229.0,0.45,2.1,5.5,0.86,2.2,1.03,6328.0,50.6%,23.0,12-11,52.2%,21.1%,109.0,62-47,56.9%,1011.0,522-489,51.6%,1:42,39.3,40.6
33.0,Brandon Nakashima [USA],61.0,32-29,52.5%,66.7%,63.6%,530.0,10.9%,67.0,1.4%,4.0%,66.0%,74.1%,52.3%,54.5%,84.2%,6.3,2.1,34.9%,36.1%,9.4%,3.4%,27.5%,47.6%,17.0%,6.6,2.3,53.0,61.9,35.9%,130.0,362.0,0.47,2.4,5.9,0.86,2.1,63.0%,209.0,332.0,0.43,2.2,5.4,0.81,2.0,1.05,9904.0,50.6%,43.0,19-24,44.2%,28.3%,152.0,77-75,50.7%,1544.0,785-759,50.8%,1:55,46.3,42.6
34.0,Stefanos Tsitsipas [GRE],40.0,22-18,55.0%,66.9%,66.9%,257.0,8.7%,127.0,4.3%,10.6%,59.2%,76.4%,53.2%,59.5%,84.3%,6.2,2.0,35.8%,36.3%,6.4%,3.0%,28.2%,49.8%,19.2%,6.4,2.3,45.0,61.2,34.3%,92.0,268.0,0.56,2.6,6.7,0.89,2.3,62.5%,125.0,200.0,0.42,1.9,5.0,0.73,1.9,1.08,6025.0,51.0%,18.0,10-8,55.6%,17.5%,103.0,56-47,54.4%,955.0,494-461,51.7%,1:40,39.0,40.0
35.0,Corentin Moutet [FRA],59.0,33-26,55.9%,62.0%,62.5%,198.0,4.3%,152.0,3.3%,8.7%,62.1%,67.9%,52.5%,57.5%,78.3%,6.6,2.5,38.8%,38.0%,4.5%,4.0%,32.3%,49.5%,24.4%,6.5,2.5,52.0,62.5,39.4%,170.0,431.0,0.62,2.9,7.3,1.13,2.9,64.7%,277.0,428.0,0.61,2.8,7.3,1.0,2.6,1.02,9158.0,50.5%,22.0,12-10,54.5%,14.6%,151.0,82-69,54.3%,1394.0,715-679,51.3%,1:59,46.5,46.0
36.0,Jaume Munar [ESP],58.0,31-27,53.4%,64.4%,65.1%,229.0,5.4%,166.0,3.9%,10.7%,63.7%,72.1%,50.8%,56.9%,80.6%,6.2,2.2,38.8%,38.9%,5.8%,3.4%,30.8%,51.6%,25.3%,6.4,2.5,39.0,49.7,41.3%,173.0,419.0,0.61,2.7,7.2,1.13,3.0,58.0%,185.0,319.0,0.46,2.1,5.5,0.88,2.3,1.09,8631.0,51.4%,18.0,6-12,33.3%,11.8%,153.0,83-70,54.2%,1374.0,728-646,53.0%,1:50,41.8,44.5
37.0,Ugo Humbert [FRA],45.0,25-20,55.6%,66.4%,65.3%,307.0,9.2%,107.0,3.2%,8.3%,61.5%,74.1%,54.0%,58.9%,83.2%,6.2,2.1,34.9%,35.6%,9.3%,4.2%,26.8%,48.1%,19.2%,6.3,2.2,55.0,70.1,36.6%,101.0,276.0,0.53,2.5,6.1,0.93,2.2,62.3%,149.0,239.0,0.45,2.2,5.3,0.83,2.0,1.04,6639.0,50.7%,20.0,11-9,55.0%,18.3%,109.0,63-46,57.8%,1061.0,547-514,51.6%,1:43,42.4,41.8
38.0,Alex Michelsen [USA],51.0,25-26,49.0%,62.7%,62.7%,246.0,6.4%,145.0,3.8%,11.0%,65.7%,69.8%,49.2%,55.2%,77.7%,6.4,2.4,36.8%,37.2%,6.9%,3.4%,28.5%,50.1%,20.1%,6.6,2.4,61.0,81.6,35.3%,121.0,343.0,0.57,2.7,6.7,0.96,2.4,58.0%,185.0,319.0,0.53,2.5,6.3,1.06,2.6,0.99,7824.0,49.6%,25.0,13-12,52.0%,19.8%,126.0,60-66,47.6%,1202.0,587-615,48.8%,1:46,42.9,41.5
39.0,Lorenzo Sonego [ITA],54.0,25-29,46.3%,65.9%,65.1%,346.0,7.2%,128.0,2.7%,8.0%,66.3%,73.3%,51.2%,55.7%,83.9%,6.4,2.2,33.7%,33.3%,6.1%,3.6%,26.2%,46.7%,16.8%,6.2,2.1,49.0,65.8,38.7%,124.0,320.0,0.43,2.1,5.9,0.82,2.3,67.4%,248.0,368.0,0.49,2.4,6.8,0.79,2.2,0.99,9374.0,50.1%,32.0,15-17,46.9%,21.2%,151.0,74-77,49.0%,1485.0,751-734,50.6%,2:12,47.2,45.6
40.0,Arthur Fils [FRA],33.0,22-11,66.7%,64.8%,65.0%,154.0,6.0%,90.0,3.5%,9.4%,62.5%,71.7%,53.3%,58.8%,81.0%,6.3,2.2,38.7%,38.9%,7.0%,4.2%,30.4%,52.2%,23.2%,6.7,2.6,43.0,50.9,40.4%,92.0,228.0,0.57,2.6,6.9,1.05,2.8,59.5%,113.0,190.0,0.47,2.2,5.8,0.88,2.3,1.1,5189.0,51.5%,15.0,8-7,53.3%,17.0%,88.0,52-36,59.1%,803.0,421-382,52.4%,1:38,36.7,37.4
41.0,Gabriel Diallo [CAN],53.0,29-24,54.7%,66.3%,64.5%,440.0,11.0%,132.0,3.3%,10.1%,67.3%,74.0%,50.5%,56.1%,83.8%,6.2,2.1,34.0%,33.7%,7.3%,4.1%,26.9%,45.8%,17.7%,6.2,2.1,44.5,88.6,38.9%,112.0,288.0,0.46,2.1,5.4,0.82,2.1,62.6%,174.0,278.0,0.43,2.0,5.2,0.76,2.0,1.01,7924.0,50.3%,25.0,13-12,52.0%,18.4%,136.0,74-62,54.4%,1272.0,649-623,51.0%,1:44,40.4,41.6
42.0,Alexandre Muller [FRA],51.0,24-27,47.1%,61.1%,61.2%,201.0,4.6%,132.0,3.0%,9.0%,66.6%,67.2%,48.9%,53.8%,74.8%,6.7,2.6,35.0%,36.3%,9.4%,3.3%,26.1%,49.4%,18.0%,6.3,2.2,49.0,69.5,38.8%,116.0,299.0,0.46,2.3,5.9,0.88,2.3,60.7%,255.0,420.0,0.64,3.2,8.2,1.25,3.2,0.9,8443.0,48.6%,32.0,17-15,53.1%,24.2%,132.0,58-74,43.9%,1299.0,606-693,46.7%,1:56,44.7,41.9
43.0,Zizou Bergs [BEL],58.0,31-27,53.4%,62.9%,63.3%,341.0,8.5%,225.0,5.6%,13.2%,57.4%,72.2%,50.3%,57.9%,77.5%,6.5,2.4,36.6%,36.3%,6.0%,4.0%,29.3%,49.1%,20.8%,6.4,2.4,57.0,95.3,38.5%,129.0,335.0,0.54,2.4,5.8,0.93,2.2,59.6%,204.0,342.0,0.56,2.5,5.9,0.99,2.4,0.99,8015.0,49.8%,32.0,17-15,53.1%,23.0%,139.0,70-69,50.4%,1235.0,605-630,49.0%,1:40,41.7,43.4
44.0,Grigor Dimitrov [BUL],29.0,18-11,62.1%,66.5%,66.1%,218.0,10.7%,100.0,4.9%,12.0%,59.2%,76.1%,52.5%,59.6%,83.2%,6.2,2.1,37.5%,37.9%,6.6%,3.4%,30.6%,50.1%,21.8%,6.4,2.4,56.5,72.6,38.8%,71.0,183.0,0.56,2.7,6.3,1.06,2.4,64.3%,99.0,154.0,0.47,2.3,5.3,0.82,1.9,1.12,4113.0,51.9%,11.0,8-3,72.7%,16.4%,67.0,44-23,65.7%,653.0,344-309,52.7%,1:40,43.3,42.3
45.0,Sebastian Baez [ARG],41.0,17-24,41.5%,58.1%,58.7%,70.0,2.2%,78.0,2.5%,8.7%,71.7%,62.4%,47.3%,51.8%,67.6%,6.5,2.7,40.2%,40.3%,5.6%,3.6%,33.7%,50.7%,28.5%,6.4,2.6,70.0,91.1,43.3%,141.0,326.0,0.66,3.0,8.0,1.32,3.4,55.6%,198.0,356.0,0.73,3.3,8.7,1.48,3.9,0.96,6293.0,49.2%,6.0,5-1,83.3%,5.6%,107.0,47-60,43.9%,981.0,470-511,47.9%,1:48,41.2,42.0
46.0,Daniel Altmaier [GER],50.0,22-28,44.0%,62.5%,60.5%,385.0,9.3%,120.0,2.9%,7.3%,60.4%,72.4%,47.3%,51.0%,78.5%,6.5,2.4,33.9%,34.2%,7.6%,3.5%,24.7%,48.1%,17.6%,6.2,2.1,57.0,64.9,37.4%,113.0,302.0,0.47,2.3,6.0,0.86,2.3,61.3%,217.0,354.0,0.56,2.7,7.1,1.04,2.7,0.9,8128.0,48.4%,23.0,10-13,43.5%,17.4%,132.0,57-75,43.2%,1279.0,612-667,47.8%,1:48,40.8,39.8
47.0,Nuno Borges [POR],61.0,30-31,49.2%,64.4%,63.5%,357.0,7.0%,134.0,2.6%,7.9%,66.7%,71.4%,50.5%,54.8%,81.1%,6.5,2.3,36.0%,37.2%,8.3%,3.0%,28.4%,48.7%,19.0%,6.6,2.4,62.0,85.5,35.5%,148.0,417.0,0.53,2.5,6.8,0.88,2.4,62.3%,245.0,393.0,0.5,2.3,6.4,0.88,2.4,1.01,10213.0,50.1%,37.0,19-18,51.4%,22.0%,168.0,82-86,48.8%,1563.0,783-780,50.1%,1:47,38.8,38.3
48.0,Sebastian Korda [USA],40.0,22-18,55.0%,65.7%,63.5%,360.0,11.3%,99.0,3.1%,7.9%,60.5%,73.7%,53.4%,58.0%,83.6%,6.3,2.2,35.6%,36.0%,7.8%,3.8%,27.9%,48.5%,19.0%,6.3,2.3,50.5,70.9,38.8%,95.0,245.0,0.49,2.4,6.1,0.91,2.4,63.9%,147.0,230.0,0.45,2.2,5.8,0.8,2.1,1.04,6336.0,50.6%,17.0,8-9,47.1%,16.3%,104.0,55-49,52.9%,1005.0,518-487,51.5%,1:40,38.5,37.9
49.0,Camilo Ugo Carabelli [ARG],44.0,19-25,43.2%,59.3%,59.8%,147.0,4.3%,124.0,3.7%,9.4%,61.1%,66.7%,47.7%,52.7%,72.4%,6.7,2.7,36.5%,37.4%,7.1%,2.9%,30.0%,49.3%,20.6%,6.4,2.4,67.0,84.5,39.2%,105.0,268.0,0.53,2.6,6.1,1.0,2.4,58.5%,197.0,337.0,0.66,3.2,7.7,1.33,3.2,0.9,6667.0,48.1%,17.0,6-11,35.3%,16.2%,105.0,42-63,40.0%,1016.0,472-544,46.5%,1:51,46.6,44.0
50.0,Reilly Opelka [USA],49.0,25-24,51.0%,68.7%,65.1%,790.0,19.4%,198.0,4.9%,13.1%,62.9%,79.0%,51.3%,59.0%,88.5%,6.4,2.0,28.5%,28.0%,8.6%,4.0%,20.6%,42.5%,8.3%,6.1,1.7,53.0,66.9,29.9%,52.0,174.0,0.28,1.5,3.6,0.43,1.1,71.6%,184.0,257.0,0.41,2.1,5.2,0.61,1.5,0.91,7930.0,49.2%,45.0,28-17,62.2%,37.5%,120.0,60-60,50.0%,1263.0,612-651,48.5%,1:43,42.0,38.2
51.0,Fabian Marozsan [HUN],52.0,26-26,50.0%,64.8%,64.4%,250.0,6.4%,117.0,3.0%,8.3%,64.2%,71.3%,53.1%,57.9%,83.0%,6.4,2.3,35.5%,36.5%,9.3%,3.7%,27.2%,49.6%,18.9%,6.5,2.3,45.5,67.8,35.1%,113.0,322.0,0.54,2.4,6.2,0.86,2.2,64.9%,192.0,296.0,0.49,2.2,5.7,0.79,2.0,1.01,7810.0,50.2%,29.0,11-18,37.9%,22.0%,132.0,66-66,50.0%,1208.0,619-589,51.2%,1:34,37.2,37.7
52.0,Miomir Kecmanovic [SRB],52.0,24-28,46.2%,63.8%,63.5%,262.0,6.1%,128.0,3.0%,7.8%,61.7%,72.4%,50.0%,54.2%,80.2%,6.4,2.3,36.6%,38.6%,11.7%,4.2%,27.2%,52.1%,20.4%,6.5,2.4,52.0,71.4,37.8%,139.0,368.0,0.54,2.5,7.1,0.96,2.7,61.2%,208.0,340.0,0.51,2.3,6.5,0.91,2.5,1.01,8738.0,50.0%,27.0,12-15,44.4%,18.6%,145.0,71-74,49.0%,1348.0,674-674,50.0%,1:46,37.9,37.7
53.0,Jenson Brooksby [USA],36.0,21-15,58.3%,62.0%,62.2%,117.0,4.0%,81.0,2.8%,7.3%,62.3%,68.4%,51.4%,55.5%,75.6%,6.5,2.5,38.7%,38.8%,5.7%,3.4%,29.8%,52.3%,24.6%,6.6,2.5,30.5,48.0,40.7%,114.0,280.0,0.6,2.9,7.8,1.19,3.2,60.5%,170.0,281.0,0.62,2.9,7.8,1.16,3.1,1.02,5993.0,50.1%,14.0,10-4,71.4%,14.6%,96.0,53-43,55.2%,919.0,458-461,49.8%,1:57,44.0,42.2
54.0,Alexei Popyrin [AUS],40.0,17-23,42.5%,64.2%,62.6%,370.0,10.7%,133.0,3.8%,10.2%,62.4%,73.9%,48.0%,53.5%,80.4%,6.5,2.3,34.6%,34.8%,7.9%,4.0%,27.3%,46.1%,14.7%,6.6,2.3,53.5,102.1,27.4%,79.0,288.0,0.54,2.7,7.2,0.74,2.0,65.4%,197.0,301.0,0.57,2.8,7.5,0.97,2.6,0.97,7004.0,49.2%,22.0,14-8,63.6%,20.6%,107.0,49-58,45.8%,1069.0,506-563,47.3%,1:55,42.9,39.3
55.0,Marton Fucsovics [HUN],32.0,19-13,59.4%,63.3%,63.8%,106.0,5.1%,76.0,3.6%,9.2%,60.5%,72.8%,48.9%,53.8%,77.8%,6.1,2.2,40.1%,40.3%,5.4%,3.2%,31.5%,54.7%,26.8%,6.5,2.6,76.0,79.3,39.8%,94.0,236.0,0.67,2.8,7.4,1.12,2.9,55.6%,95.0,171.0,0.5,2.0,5.3,0.9,2.4,1.09,4383.0,51.2%,7.0,4-3,57.1%,8.3%,84.0,46-38,54.8%,694.0,361-333,52.0%,1:32,35.0,40.3
56.0,Matteo Berrettini [ITA],39.0,22-17,56.4%,68.8%,65.4%,374.0,13.6%,57.0,2.1%,6.5%,68.1%,75.9%,53.6%,57.3%,86.8%,6.2,1.9,33.3%,33.7%,7.7%,3.2%,27.1%,45.1%,15.9%,6.2,2.1,43.0,49.5,40.6%,71.0,175.0,0.39,1.8,4.5,0.75,1.8,66.9%,119.0,178.0,0.4,1.9,4.6,0.62,1.5,1.07,5509.0,51.0%,26.0,13-13,50.0%,27.4%,95.0,54-41,56.8%,893.0,458-435,51.3%,1:45,43.3,44.8
57.0,Valentin Royer [FRA],21.0,10-11,47.6%,65.8%,64.3%,160.0,8.7%,46.0,2.5%,6.8%,63.7%,72.6%,53.9%,57.8%,83.7%,6.4,2.2,34.5%,36.3%,12.8%,4.4%,25.6%,49.6%,17.7%,6.4,2.2,44.0,80.2,38.9%,51.0,131.0,0.45,2.3,6.2,0.89,2.4,65.4%,89.0,136.0,0.47,2.4,6.5,0.82,2.2,1.01,3699.0,50.1%,17.0,7-10,41.2%,29.8%,57.0,28-29,49.1%,576.0,292-284,50.7%,1:55,42.4,39.2
58.0,Giovanni Mpetshi Perricard [FRA],45.0,19-26,42.2%,69.9%,67.9%,596.0,16.4%,176.0,4.8%,14.7%,67.1%,78.2%,53.0%,62.1%,89.0%,6.4,1.9,26.1%,26.5%,10.5%,3.2%,20.8%,35.6%,7.7%,5.9,1.5,48.5,79.3,32.8%,44.0,134.0,0.23,1.2,3.0,0.4,1.0,69.6%,144.0,207.0,0.36,1.9,4.6,0.57,1.4,0.87,7040.0,48.8%,42.0,22-20,52.4%,37.8%,111.0,49-62,44.1%,1146.0,552-594,48.2%,1:36,38.9,36.8
59.0,Tomas Martin Etcheverry [ARG],56.0,26-30,46.4%,63.8%,61.6%,375.0,9.0%,86.0,2.1%,5.5%,62.9%,72.0%,49.9%,52.8%,80.0%,6.5,2.3,36.1%,36.7%,8.2%,3.7%,27.5%,49.1%,19.9%,6.4,2.3,58.5,75.3,37.2%,130.0,349.0,0.53,2.5,6.2,0.93,2.3,66.3%,254.0,383.0,0.59,2.7,6.8,0.92,2.3,1.0,8372.0,49.9%,29.0,13-16,44.8%,20.7%,140.0,66-74,47.1%,1299.0,647-652,49.8%,1:58,47.1,47.2
60.0,Aleksandar Kovacevic [USA],36.0,13-23,36.1%,64.0%,63.4%,281.0,9.7%,134.0,4.6%,11.1%,58.3%,74.8%,49.0%,55.1%,81.5%,6.3,2.3,32.9%,34.5%,11.6%,3.6%,23.9%,46.6%,15.3%,6.3,2.1,72.0,121.2,30.9%,69.0,223.0,0.5,2.4,6.2,0.74,1.9,61.3%,133.0,217.0,0.48,2.3,6.0,0.9,2.3,0.91,5704.0,48.6%,13.0,5-8,38.5%,14.0%,93.0,39-54,41.9%,905.0,440-465,48.6%,1:50,42.5,41.5
61.0,Matteo Arnaldi [ITA],44.0,20-24,45.5%,63.0%,62.4%,289.0,7.6%,141.0,3.7%,8.6%,56.4%,71.9%,51.5%,56.3%,79.8%,6.6,2.4,34.9%,35.0%,6.3%,3.3%,28.1%,46.3%,17.4%,6.4,2.2,56.0,68.7,34.4%,99.0,288.0,0.51,2.5,6.5,0.86,2.3,64.6%,212.0,328.0,0.57,2.9,7.5,1.01,2.6,0.94,7416.0,49.2%,19.0,12-7,63.2%,16.5%,115.0,54-61,47.0%,1145.0,558-587,48.7%,1:60,45.8,42.6
62.0,Kamil Majchrzak [POL],28.0,15-13,53.6%,64.3%,62.8%,176.0,7.7%,50.0,2.2%,5.8%,62.3%,72.1%,51.4%,54.6%,81.0%,6.4,2.3,37.0%,38.4%,10.7%,4.3%,26.9%,53.6%,21.3%,6.4,2.4,73.0,115.1,38.5%,75.0,195.0,0.55,2.6,7.0,1.01,2.7,62.8%,115.0,183.0,0.51,2.5,6.5,0.92,2.4,1.04,4548.0,50.7%,15.0,8-7,53.3%,20.3%,74.0,40-34,54.1%,710.0,365-345,51.4%,1:48,40.7,39.8
63.0,Terence Atmane [FRA],17.0,7-10,41.2%,61.9%,61.0%,128.0,11.1%,65.0,5.7%,13.7%,58.6%,74.0%,44.7%,51.8%,74.7%,6.2,2.4,35.8%,36.0%,5.9%,3.1%,27.4%,49.2%,20.6%,6.4,2.3,98.0,116.7,33.9%,37.0,109.0,0.61,2.8,6.4,0.95,2.2,57.7%,64.0,111.0,0.6,2.8,6.5,1.21,2.8,0.94,2295.0,48.8%,2.0,1-1,50.0%,5.1%,39.0,18-21,46.2%,366.0,176-190,48.1%,1:24,36.5,37.3
64.0,Marcos Giron [USA],50.0,23-27,46.0%,63.1%,61.9%,273.0,6.5%,86.0,2.1%,5.1%,59.8%,70.8%,51.7%,54.5%,79.0%,6.5,2.4,35.9%,37.0%,8.6%,3.2%,27.3%,50.3%,18.8%,6.4,2.3,50.0,53.5,38.9%,122.0,314.0,0.48,2.3,6.3,0.9,2.4,61.8%,218.0,353.0,0.55,2.6,7.1,1.0,2.7,0.97,8309.0,49.6%,24.0,14-10,58.3%,17.8%,135.0,67-68,49.6%,1294.0,631-663,48.8%,1:55,42.7,41.6
65.0,Damir Dzumhur [BIH],48.0,21-27,43.8%,59.6%,60.9%,61.0,1.7%,114.0,3.2%,9.5%,66.9%,62.5%,53.8%,59.4%,72.3%,6.7,2.7,38.4%,39.2%,6.7%,3.0%,32.8%,48.0%,23.5%,6.5,2.5,67.0,99.8,42.3%,129.0,305.0,0.56,2.4,6.4,1.02,2.7,60.2%,227.0,377.0,0.7,3.0,7.9,1.19,3.1,0.95,7202.0,49.0%,16.0,8-8,50.0%,12.7%,126.0,56-70,44.4%,1090.0,520-570,47.7%,1:38,37.3,39.2
66.0,Arthur Cazaux [FRA],32.0,16-16,50.0%,64.9%,62.8%,301.0,10.6%,82.0,2.9%,7.2%,59.9%,75.0%,49.7%,53.6%,83.6%,6.5,2.3,33.7%,33.6%,6.7%,3.5%,27.5%,44.1%,14.7%,6.3,2.1,68.0,72.5,33.0%,65.0,197.0,0.45,2.2,6.2,0.73,2.0,67.1%,147.0,219.0,0.5,2.5,6.8,0.81,2.3,0.96,5616.0,49.5%,16.0,10-6,62.5%,18.0%,89.0,43-46,48.3%,882.0,433-449,49.1%,2:12,47.4,45.1
67.0,Francisco Comesana [ARG],42.0,19-23,45.2%,63.5%,62.4%,340.0,10.2%,145.0,4.4%,11.2%,61.2%,74.3%,46.6%,52.5%,79.2%,6.4,2.3,35.7%,35.2%,5.9%,4.0%,28.4%,48.1%,18.1%,6.5,2.3,57.5,82.0,37.5%,93.0,248.0,0.48,2.4,5.9,0.89,2.2,60.2%,165.0,274.0,0.52,2.6,6.5,1.04,2.6,0.98,6678.0,49.6%,26.0,11-15,42.3%,24.8%,105.0,48-57,45.7%,1039.0,508-531,48.9%,1:56,46.4,43.8
68.0,Gael Monfils [FRA],33.0,18-15,54.5%,65.0%,65.3%,326.0,10.6%,185.0,6.0%,15.0%,59.9%,75.7%,49.1%,57.8%,82.3%,6.3,2.2,35.8%,35.9%,5.4%,2.8%,29.2%,47.8%,19.3%,6.4,2.3,44.5,69.1,37.5%,93.0,248.0,0.51,2.5,7.5,0.93,2.8,62.3%,144.0,231.0,0.47,2.3,7.0,0.87,2.6,1.02,6171.0,50.3%,23.0,13-10,56.5%,23.0%,100.0,52-48,52.0%,974.0,497-477,51.0%,2:00,39.7,38.6
69.0,Adrian Mannarino [FRA],28.0,13-15,46.4%,64.0%,63.0%,151.0,6.5%,54.0,2.3%,5.6%,58.6%,72.0%,52.6%,55.8%,80.5%,6.5,2.4,36.3%,37.3%,9.5%,4.1%,27.6%,49.7%,20.8%,6.4,2.3,40.0,52.8,39.7%,75.0,189.0,0.53,2.6,6.8,1.04,2.7,66.0%,134.0,203.0,0.58,2.8,7.3,0.96,2.5,1.01,4607.0,50.2%,15.0,5-10,33.3%,20.8%,72.0,34-38,47.2%,713.0,359-354,50.4%,2:06,48.9,45.8
70.0,Ethan Quinn [USA],30.0,12-18,40.0%,62.4%,61.7%,197.0,8.5%,95.0,4.1%,10.6%,61.7%,69.7%,50.6%,56.6%,76.6%,6.5,2.4,34.9%,35.9%,8.0%,3.0%,28.1%,46.1%,16.6%,6.4,2.2,49.5,96.0,43.5%,60.0,138.0,0.38,1.8,4.6,0.8,2.0,62.0%,137.0,221.0,0.62,2.9,7.4,1.12,2.8,0.93,4630.0,48.8%,13.0,6-7,46.2%,17.3%,75.0,29-46,38.7%,721.0,335-386,46.5%,1:28,35.3,34.3
71.0,Jacob Fearnley [GBR],37.0,16-21,43.2%,61.1%,63.5%,189.0,7.2%,209.0,8.0%,20.6%,61.2%,70.0%,47.1%,59.3%,74.0%,6.4,2.5,36.5%,37.2%,7.3%,3.3%,29.1%,49.5%,22.0%,6.3,2.3,54.0,60.6,42.9%,90.0,210.0,0.51,2.3,5.7,1.0,2.4,57.8%,145.0,251.0,0.62,2.8,6.8,1.18,2.9,0.94,5204.0,48.9%,15.0,6-9,40.0%,16.7%,90.0,38-52,42.2%,817.0,391-426,47.9%,1:31,37.5,38.9
72.0,Mariano Navone [ARG],41.0,18-23,43.9%,60.6%,61.3%,102.0,3.1%,105.0,3.2%,9.0%,64.4%,65.3%,52.0%,57.1%,73.3%,6.4,2.5,40.7%,39.8%,3.3%,3.7%,34.1%,51.2%,28.5%,6.7,2.7,54.0,86.1,42.0%,144.0,343.0,0.68,3.1,8.4,1.31,3.5,58.5%,192.0,328.0,0.64,3.0,8.0,1.24,3.3,1.03,6648.0,50.5%,10.0,5-5,50.0%,9.1%,110.0,54-56,49.1%,1015.0,517-498,50.9%,1:52,41.9,41.6
73.0,Hubert Hurkacz [POL],26.0,15-11,57.7%,68.8%,64.7%,287.0,15.1%,35.0,1.8%,5.2%,64.7%,77.5%,52.9%,55.8%,87.7%,6.0,1.9,33.4%,33.7%,7.3%,3.3%,24.7%,47.4%,14.5%,6.3,2.1,45.0,51.0,36.3%,45.0,124.0,0.4,2.0,4.8,0.71,1.7,68.0%,83.0,122.0,0.38,1.9,4.7,0.62,1.5,1.07,3841.0,50.9%,12.0,7-5,58.3%,19.0%,63.0,36-27,57.1%,627.0,323-304,51.5%,1:40,41.1,40.4
74.0,Mattia Bellucci [ITA],29.0,12-17,41.4%,62.6%,62.0%,185.0,8.4%,94.0,4.3%,10.5%,59.1%,71.0%,50.4%,56.3%,78.7%,6.6,2.5,35.4%,35.4%,6.3%,3.4%,28.0%,47.3%,17.9%,6.4,2.3,56.0,97.8,35.3%,60.0,170.0,0.51,2.4,5.9,0.83,2.1,64.7%,130.0,201.0,0.6,2.8,6.9,0.99,2.4,0.95,4354.0,49.1%,12.0,4-8,33.3%,16.7%,72.0,32-40,44.4%,668.0,322-346,48.2%,1:47,43.2,42.9
75.0,Marin Cilic [CRO],21.0,8-13,38.1%,64.9%,63.2%,165.0,10.5%,53.0,3.4%,8.0%,57.9%,75.6%,50.2%,54.6%,83.5%,6.3,2.2,31.2%,33.0%,12.3%,3.4%,21.8%,46.9%,11.8%,6.1,1.9,26.0,43.6,31.9%,29.0,91.0,0.37,1.7,4.3,0.53,1.4,62.0%,67.0,108.0,0.43,2.0,5.1,0.75,2.0,0.89,3063.0,48.5%,8.0,3-5,37.5%,14.5%,55.0,22-33,40.0%,495.0,237-258,47.9%,1:46,40.4,43.5
76.0,Jesper De Jong [NED],31.0,17-14,54.8%,65.3%,64.4%,228.0,9.6%,93.0,3.9%,9.5%,58.6%,74.2%,52.7%,58.3%,81.6%,6.3,2.2,35.5%,36.8%,8.7%,3.0%,28.4%,47.1%,18.4%,6.5,2.3,59.0,135.0,35.6%,68.0,191.0,0.52,2.4,6.2,0.84,2.2,57.9%,95.0,164.0,0.44,2.0,5.3,0.85,2.2,1.02,4771.0,50.3%,20.0,12-8,60.0%,24.7%,81.0,43-38,53.1%,744.0,374-370,50.3%,1:43,39.6,40.3
77.0,Botic Van De Zandschulp [NED],37.0,16-21,43.2%,63.3%,64.7%,210.0,7.4%,173.0,6.1%,15.5%,60.9%,73.3%,47.8%,56.6%,78.6%,6.4,2.3,37.1%,38.1%,7.1%,2.8%,29.8%,49.2%,19.9%,6.8,2.5,53.0,108.2,38.1%,90.0,236.0,0.52,2.5,6.4,0.96,2.4,56.6%,125.0,221.0,0.49,2.4,6.0,1.02,2.6,1.01,5912.0,49.8%,19.0,7-12,36.8%,20.2%,94.0,42-52,44.7%,900.0,442-458,49.1%,1:56,45.7,43.6
78.0,Adam Walton [AUS],33.0,13-20,39.4%,64.0%,62.7%,231.0,8.1%,78.0,2.7%,7.1%,61.6%,72.1%,51.1%,55.1%,80.9%,6.5,2.3,34.4%,35.9%,12.9%,4.8%,24.8%,49.6%,17.2%,6.3,2.2,74.0,89.2,37.8%,76.0,201.0,0.45,2.3,6.1,0.86,2.3,62.5%,140.0,224.0,0.51,2.5,6.8,0.95,2.5,0.96,5646.0,49.3%,25.0,9-16,36.0%,28.4%,88.0,35-53,39.8%,882.0,431-451,48.9%,1:52,42.2,39.4
79.0,Filip Misolic [AUT],19.0,9-10,47.4%,61.4%,61.2%,97.0,6.0%,55.0,3.4%,9.6%,64.7%,69.0%,47.4%,52.4%,76.9%,6.9,2.7,35.1%,36.2%,8.2%,3.0%,28.9%,45.2%,17.9%,6.3,2.2,59.0,85.8,41.0%,41.0,100.0,0.44,2.0,5.3,0.82,2.2,68.4%,117.0,171.0,0.73,3.4,9.0,1.08,2.8,0.91,3069.0,49.0%,10.0,6-4,60.0%,20.0%,50.0,22-28,44.0%,463.0,221-242,47.7%,1:21,30.9,30.2
80.0,Cristian Garin [CHI],13.0,6-7,46.2%,64.1%,63.3%,49.0,6.1%,18.0,2.2%,6.5%,65.5%,69.1%,54.7%,58.5%,76.9%,6.2,2.2,36.8%,36.9%,6.2%,3.4%,30.2%,47.2%,19.2%,6.7,2.5,87.0,191.1,30.9%,25.0,81.0,0.62,2.3,6.2,0.69,1.9,60.5%,46.0,76.0,0.58,2.1,5.8,0.83,2.3,1.02,1681.0,49.9%,5.0,2-3,40.0%,13.9%,36.0,18-18,50.0%,260.0,125-135,48.1%,1:37,35.2,45.2
81.0,Alejandro Tabilo [CHI],29.0,12-17,41.4%,62.7%,61.6%,188.0,7.1%,69.0,2.6%,7.4%,64.6%,69.8%,49.9%,53.9%,81.1%,6.7,2.5,33.2%,35.6%,11.5%,2.7%,26.0%,45.8%,15.9%,6.2,2.1,57.0,76.2,35.3%,61.0,173.0,0.45,2.2,6.0,0.78,2.1,65.6%,141.0,215.0,0.55,2.8,7.4,0.95,2.6,0.89,5002.0,48.8%,15.0,4-11,26.7%,19.2%,78.0,34-44,43.6%,775.0,379-396,48.9%,1:54,42.3,39.5
82.0,Aleksandar Vukic [AUS],44.0,15-29,34.1%,63.1%,60.6%,389.0,10.6%,98.0,2.7%,6.5%,58.6%,72.6%,49.8%,53.2%,79.4%,6.4,2.4,32.7%,34.4%,11.5%,3.5%,25.8%,44.5%,14.9%,6.2,2.0,55.0,84.5,35.0%,85.0,243.0,0.43,2.0,5.5,0.7,1.9,63.6%,204.0,321.0,0.57,2.6,7.3,0.96,2.7,0.89,7224.0,48.1%,23.0,9-14,39.1%,18.9%,122.0,48-74,39.3%,1139.0,536-603,47.1%,1:49,39.4,39.9
83.0,Hamad Medjedovic [SRB],33.0,17-16,51.5%,65.2%,63.8%,256.0,10.7%,93.0,3.9%,10.8%,64.1%,73.2%,50.8%,56.9%,82.5%,6.5,2.3,35.1%,37.2%,11.8%,3.6%,27.5%,47.7%,18.5%,6.5,2.3,52.5,67.5,36.4%,68.0,187.0,0.51,2.3,5.7,0.83,2.1,64.2%,115.0,179.0,0.49,2.2,5.4,0.78,1.9,1.01,4763.0,50.2%,21.0,13-8,61.9%,25.6%,82.0,44-38,53.7%,733.0,370-363,50.5%,1:33,37.3,38.5
84.0,Jan Lennard Struff [GER],38.0,15-23,39.5%,63.9%,62.2%,329.0,11.3%,122.0,4.2%,10.1%,58.4%,74.7%,48.7%,54.2%,78.9%,6.4,2.3,35.1%,35.7%,9.9%,4.5%,25.9%,50.0%,15.8%,6.6,2.3,51.5,77.6,29.9%,73.0,244.0,0.53,2.4,6.4,0.72,1.9,57.7%,131.0,227.0,0.5,2.2,6.0,0.94,2.5,0.97,5966.0,49.1%,21.0,7-14,33.3%,20.6%,102.0,42-60,41.2%,916.0,431-485,47.1%,1:38,36.4,37.3
85.0,Juan Manuel Cerundolo [ARG],17.0,8-9,47.1%,61.3%,61.6%,78.0,5.3%,56.0,3.8%,9.7%,60.9%,68.3%,50.4%,55.9%,76.2%,6.6,2.6,37.7%,37.5%,6.0%,4.0%,29.1%,52.0%,21.5%,6.5,2.5,68.0,70.4,34.8%,49.0,141.0,0.62,3.0,8.3,1.04,2.9,65.6%,101.0,154.0,0.69,3.3,9.1,1.13,3.1,0.98,2965.0,49.5%,4.0,3-1,75.0%,8.5%,47.0,23-24,48.9%,451.0,219-232,48.6%,1:56,41.9,39.9
86.0,James Duckworth [AUS],20.0,8-12,40.0%,64.3%,63.6%,145.0,8.7%,64.0,3.8%,9.1%,58.2%,72.3%,53.3%,58.6%,81.5%,6.3,2.3,33.7%,34.1%,10.8%,5.0%,23.2%,49.5%,13.5%,6.4,2.1,71.0,94.7,31.0%,35.0,113.0,0.43,2.1,5.7,0.65,1.8,63.4%,85.0,134.0,0.51,2.5,6.7,0.91,2.5,0.94,3326.0,49.1%,8.0,5-3,62.5%,14.8%,54.0,24-30,44.4%,525.0,251-274,47.8%,1:51,41.2,40.1
87.0,Raphael Collignon [BEL],20.0,9-11,45.0%,61.9%,64.0%,124.0,9.3%,114.0,8.5%,24.4%,65.0%,72.7%,41.8%,55.2%,78.7%,6.6,2.5,34.8%,35.4%,7.9%,3.4%,26.0%,49.2%,17.2%,6.6,2.3,55.5,57.9,34.3%,35.0,102.0,0.5,2.0,5.1,0.67,1.8,63.2%,74.0,117.0,0.58,2.3,5.9,0.83,2.2,0.91,2666.0,48.4%,8.0,3-5,37.5%,15.4%,52.0,23-29,44.2%,405.0,194-211,47.9%,1:35,36.5,42.7
88.0,Emilio Nava [USA],12.0,6-6,50.0%,64.0%,63.9%,103.0,10.4%,57.0,5.7%,14.8%,61.2%,75.0%,46.6%,54.7%,80.7%,6.6,2.4,35.2%,34.7%,7.0%,4.5%,28.2%,44.1%,16.4%,6.4,2.3,59.5,53.1,32.1%,25.0,78.0,0.51,2.6,6.5,0.83,2.1,64.6%,53.0,82.0,0.55,2.7,6.8,0.97,2.4,0.98,1966.0,49.7%,5.0,4-1,80.0%,16.7%,30.0,15-15,50.0%,302.0,146-156,48.3%,1:30,36.1,33.1
89.0,Pablo Carreno Busta [ESP],24.0,9-15,37.5%,64.4%,64.8%,52.0,3.5%,37.0,2.5%,6.9%,64.1%,70.6%,53.4%,57.3%,80.1%,6.2,2.2,35.0%,35.6%,9.6%,4.3%,26.9%,48.8%,18.1%,6.3,2.2,52.5,114.0,38.3%,44.0,115.0,0.47,1.9,4.8,0.72,1.8,58.6%,68.0,116.0,0.48,1.9,4.8,0.79,2.0,0.98,3033.0,49.5%,8.0,5-3,62.5%,13.1%,61.0,27-34,44.3%,484.0,237-247,49.0%,1:21,31.8,38.4
90.0,Eliot Spizzirri [USA],9.0,5-4,55.6%,65.1%,62.4%,65.0,9.0%,8.0,1.1%,3.8%,71.0%,69.7%,54.1%,56.2%,81.6%,6.3,2.2,37.1%,38.7%,9.8%,3.6%,27.9%,54.7%,19.8%,6.4,2.4,82.0,96.9,44.2%,23.0,52.0,0.45,2.2,5.8,0.96,2.6,58.8%,30.0,51.0,0.45,2.1,5.7,0.88,2.3,1.07,1466.0,50.9%,5.0,3-2,60.0%,20.8%,24.0,13-11,54.2%,230.0,116-114,50.4%,1:53,42.5,41.7
91.0,Quentin Halys [FRA],36.0,12-24,33.3%,65.6%,64.2%,413.0,13.4%,163.0,5.3%,12.9%,58.9%,76.8%,49.6%,56.9%,81.7%,6.3,2.2,30.9%,31.1%,8.1%,3.5%,23.7%,43.3%,11.6%,6.1,1.9,52.5,58.8,31.5%,57.0,181.0,0.37,1.9,5.0,0.59,1.6,61.4%,143.0,233.0,0.47,2.4,6.5,0.93,2.5,0.9,6088.0,48.5%,21.0,11-10,52.4%,21.6%,97.0,38-59,39.2%,982.0,459-523,46.7%,1:43,38.0,36.4
92.0,Roberto Bautista Agut [ESP],37.0,15-22,40.5%,62.0%,62.4%,100.0,3.4%,79.0,2.7%,8.0%,66.4%,68.2%,49.7%,54.1%,76.7%,6.5,2.5,36.4%,38.6%,11.3%,3.6%,26.7%,50.8%,19.2%,6.4,2.3,53.0,52.0,38.9%,86.0,221.0,0.49,2.4,6.0,0.93,2.3,60.0%,159.0,265.0,0.58,2.9,7.2,1.15,2.9,0.96,5791.0,49.4%,17.0,6-11,35.3%,18.5%,92.0,37-55,40.2%,903.0,435-468,48.2%,1:55,46.1,43.9
93.0,Pedro Martinez [ESP],43.0,16-27,37.2%,57.0%,59.0%,38.0,1.3%,129.0,4.4%,13.9%,68.4%,62.0%,46.0%,53.4%,66.4%,6.7,2.9,36.5%,38.6%,11.6%,3.8%,27.2%,52.2%,20.7%,6.2,2.3,62.0,84.5,38.4%,93.0,242.0,0.54,2.3,5.6,0.89,2.2,58.1%,204.0,351.0,0.8,3.3,8.2,1.4,3.4,0.85,5737.0,47.0%,7.0,5-2,71.4%,6.7%,105.0,40-65,38.1%,887.0,383-504,43.2%,1:43,42.3,46.4
94.0,Benjamin Bonzi [FRA],35.0,15-20,42.9%,64.0%,63.3%,200.0,6.3%,80.0,2.5%,6.9%,63.9%,70.4%,52.8%,56.7%,80.4%,6.4,2.3,34.8%,36.6%,11.7%,3.8%,24.2%,51.2%,16.8%,6.2,2.2,54.0,83.7,38.2%,83.0,217.0,0.44,2.1,6.2,0.82,2.4,62.6%,164.0,262.0,0.53,2.6,7.5,0.97,2.8,0.97,6281.0,49.7%,17.0,9-8,52.9%,16.8%,101.0,47-54,46.5%,993.0,484-509,48.7%,2:01,41.8,40.3
95.0,Alexander Shevchenko [KAZ],32.0,13-19,40.6%,59.5%,59.1%,144.0,6.3%,85.0,3.7%,9.9%,62.2%,68.2%,45.3%,50.3%,70.7%,6.7,2.7,34.8%,35.3%,8.2%,3.7%,27.3%,46.7%,17.6%,6.4,2.2,79.0,99.1,35.7%,61.0,171.0,0.49,2.3,5.3,0.8,1.9,55.4%,124.0,224.0,0.66,2.9,7.0,1.32,3.1,0.86,4503.0,47.3%,16.0,7-9,43.8%,21.1%,76.0,29-47,38.2%,688.0,302-386,43.9%,1:24,35.3,35.7
96.0,Dalibor Svrcina [CZE],8.0,4-4,50.0%,56.1%,57.9%,3.0,0.7%,15.0,3.7%,10.1%,63.7%,60.2%,49.0%,54.5%,63.6%,6.2,2.7,38.3%,39.3%,7.0%,2.9%,29.4%,55.2%,28.4%,6.2,2.4,89.0,89.5,43.2%,19.0,44.0,0.66,2.9,5.5,1.27,2.4,52.0%,26.0,50.0,0.76,3.3,6.3,1.6,3.0,0.87,825.0,47.2%,1.0,0-1,0.0%,6.7%,15.0,7-8,46.7%,133.0,61-72,45.9%,1:15,39.8,43.4
97.0,Hugo Gaston [FRA],26.0,8-18,30.8%,58.1%,58.7%,63.0,3.2%,66.0,3.4%,7.8%,57.0%,66.2%,47.2%,51.2%,67.8%,6.6,2.8,36.8%,37.5%,7.5%,3.3%,28.0%,49.9%,23.0%,6.2,2.3,66.0,81.0,42.6%,69.0,162.0,0.54,2.4,6.2,1.03,2.7,60.4%,145.0,240.0,0.81,3.6,9.2,1.42,3.7,0.88,3813.0,47.7%,3.0,1-2,33.3%,4.5%,67.0,25-42,37.3%,595.0,269-326,45.2%,1:35,36.9,38.9
98.0,Laslo Djere [SRB],26.0,13-13,50.0%,65.4%,65.6%,134.0,6.7%,74.0,3.7%,9.6%,61.4%,73.4%,52.7%,58.3%,82.9%,6.4,2.2,35.9%,35.7%,5.7%,3.5%,27.9%,49.9%,20.3%,6.5,2.3,58.0,71.4,40.8%,64.0,157.0,0.5,2.4,6.0,0.97,2.5,62.1%,87.0,140.0,0.45,2.1,5.4,0.8,2.0,1.04,4036.0,50.5%,15.0,5-10,33.3%,22.7%,66.0,33-33,50.0%,626.0,321-305,51.3%,1:48,42.4,41.6
99.0,Tristan Schoolkate [AUS],15.0,6-9,40.0%,64.5%,63.8%,147.0,11.4%,68.0,5.3%,12.8%,58.7%,75.9%,48.4%,55.5%,80.2%,6.5,2.3,32.6%,33.4%,10.4%,4.1%,24.8%,45.8%,12.1%,6.3,2.1,49.0,71.3,32.9%,24.0,73.0,0.37,1.7,4.9,0.57,1.6,64.5%,71.0,110.0,0.56,2.6,7.3,0.93,2.6,0.92,2536.0,48.8%,8.0,5-3,62.5%,19.0%,42.0,17-25,40.5%,395.0,182-213,46.1%,1:54,40.5,40.3
100.0,Shintaro Mochizuki [JPN],10.0,4-6,40.0%,59.5%,60.2%,46.0,5.6%,40.0,4.9%,10.0%,51.5%,71.2%,47.1%,52.4%,70.3%,6.4,2.6,38.7%,40.6%,9.9%,3.6%,30.8%,52.5%,26.0%,6.4,2.5,39.5,81.4,38.2%,34.0,89.0,0.68,3.0,8.9,1.13,3.4,54.8%,46.0,84.0,0.66,2.8,8.4,1.27,3.8,0.96,1658.0,49.0%,2.0,1-1,50.0%,6.7%,30.0,14-16,46.7%,259.0,124-135,47.9%,1:50,36.5,39.7
